{"cameraMode":{"drawMode":0,"name":"Shaded","section":"Shading Mode"},"sceneLighting":true,"audioPlay":false,"sceneViewState":{"showFog":true,"showMaterialUpdate":true,"showSkybox":true,"showFlares":true,"showImageEffects":true,"showParticleSystems":true},"in2DMode":false,"pivot":{"x":9.427510261535645,"y":9.730159759521485,"z":1.4619923830032349},"rotation":{"x":0.38241279125213625,"y":-0.5220360159873962,"z":0.2818111479282379,"w":0.7083935141563416},"size":17.370506286621095,"orthographic":false}