{"cameraMode":{"drawMode":0,"name":"Shaded","section":"Shading Mode"},"sceneLighting":true,"audioPlay":false,"sceneViewState":{"showFog":true,"showMaterialUpdate":false,"showSkybox":true,"showFlares":true,"showImageEffects":true,"showParticleSystems":true},"in2DMode":false,"pivot":{"x":18.916460037231447,"y":1.9620447158813477,"z":-11.453266143798829},"rotation":{"x":-0.10203224420547486,"y":0.043852102011442187,"z":-0.004501936957240105,"w":-0.9938039183616638},"size":10.0,"orthographic":false}